﻿"αἷμα, -τος, τό","blood"
"ἀλλήλων, -ους, -ους","of one another"
"ἄρτος, -ου, ὁ","bread, a loaf"
"γεννάω","to beget"
"διδάσκω","to teach"
"δικαιοσύνη, -ης, ἡ","righteousness"
"εἰρήνη, -ης, ἡ","peace"
"ἐκεῖ","there"
"ἐνώπιον","before (gen)"
"ἕτερος, -α, -ον","other, another, different"
"ἔτι","still, yet, even"
"θάλασσα, -ης, ἡ","the sea"
"κάθημαι","to sit"
"μηδείς, μηδεμία, μηδέν","no one"
"οἰκία, -ας, ἡ","a house"
"ὀφθαλμός, -οῦ, ὁ","an eye"
"περιπατέω","to walk"
"πούς, ποδός, ὁ","a foot"
"τίθημι","to place"
"τόπος, -ου, ὁ","a place"
"Φαρισαῖος, -ου, ὁ","Pharisee"
"φοβέομαι","to fear"
