﻿"ἀδελφή, -ῆς, ἡ","a sister"
"ἀληθής, -ές","true"
"ἀποκαλύπτω","to reveal"
"ἀσθενής, -ές","weak"
"βαστάζω","to bear, carry"
"γέ","indeed, at least, really, even"
"δουλεύω","to serve"
"ἐκεῖθεν","there, thence, from that place"
"ἐκχέω","to pour out"
"ἔλεος, -ους, τό","pity, mercy, compassion"
"ἐνδύω","to put on, clothe"
"ἕνεκα","on account of, for the sake of (gen)"
"ἐπεί","when, since"
"Ἰακώβ, ὁ","Jacob"
"ἰάομαι","to heal"
"καθαρός, -ά, -όν","clean"
"καταργέω","to bring to naught, abolish"
"κρίμα, -τος, τό","judgment"
"κώμη, -ης, ἡ","a village"
"λυπέω","to grieve"
"ὀμνύω","to swear, take an oath"
"ὁμολογέω","to confess, profess"
"οὔπω","not yet"
"πόσος, -η, -ον","how great? how much?"
"σταυρός, -οῦ, ὁ","a cross"
"στρατιώτης, -ου, ὁ","a soldier"
"συνίημι","to understand"
"φρονέω","to think"
"χήρα, -ας, ἡ","a widow"
