﻿"ἁγιασμός, -οῦ, ὁ","sanctification"
"ᾅδης, -ου, ὁ","Hades"
"ἀδύνατος, -ον","incapable, impossible"
"ἀκαθαρσία, -ας, ἡ","uncleanness, impurity"
"ἅμα","at the same time; together with (dat)"
"ἀναφέρω","to bring up, offer"
"ἀπολαμβάνω","to receive from"
"Ἀπολλῶς","Apollos"
"ἀπολογέομαι","to defend one's self"
"ἀπολύτρωσις, -εως, ἡ","redemption"
"ἀσέλγεια, -ας, ἡ","licentiousness, debauchery, sensuality"
"ἀσπασμός, -οῦ, ὁ","a greeting"
"ἀφαιρέω","to take away"
"ἀφορίζω","to separate, set apart"
"Ἀχαΐα, -ας, ἡ","Achaia"
"βίβλος, -ου, ἡ","a book"
"βίος, -ου, ὁ","life"
"δάκρυον, -ου, τό","a tear"
"δεσπότης, -ου, ὁ","a master, lord"
"δημόσιος, -α, -ον","public"
"δικαίωμα, -τος, τό","regulation, righteous deed"
"διωγμός, -οῦ, ὁ","persecution"
"ἐγκαταλείπω","to leave behind, forsake, abandon"
"ἐκκόπτω","to cut out, cut off"
"ἐκπίπτω","to fall away"
"ἐμφανίζω","to manifest, disclose"
"ἔνατος, -η, -ον","ninth"
"ἔνοχος, -ον","involved in, liable, guilty"
"ἐντεῦθεν","hence, on each side, thereupon"
"ἐξομολογέω","to confess, profess"
"ἐπειδή","since, because"
"ἐπιτάσσω","to command"
"ἐπιτελέω","to complete, perform, finish"
"θλίβω","to press, oppress"
"Ἰόππη, -ης, ἡ","Joppa"
"ἰσχύς, -ύος, ἡ","strength"
"κλητός, -ή, -όν","called"
"κοινωνός, -οῦ, ὁ","a partner, sharer"
"κομίζω","to receive"
"κοσμέω","to adorn"
"μακράν","far away"
"μακροθυμέω","to be patient"
"μέλει","it is a care"
"νουθετέω","to admonish, exhort"
"ξενίζω","to entertain (a stranger); to startle, bewilder"
"ὅδε, ἥδε, τόδε","this (here)"
"οἰκονόμος, -ου, ὁ","a steward"
"ὀνομάζω","to name"
"ὄντως","really, indeed"
"ὅρκος, -ου, ὁ","an oath"
"παντοκράτωρ, -ορος, ὁ","ruler of all, the Almighty"
"παράγω","to pass by"
"παραλυτικός, -οῦ, ὁ","a paralytic"
"παρεμβολή, -ῆς, ἡ","a camp, army, fortress"
"πατάσσω","to smite"
"πενθέω","to mourn"
"περιστερά, -ᾶς, ἡ","a dove"
"πλάνη, -ης, ἡ","a wandering, error"
"πλατύς, -εῖα, -ύ","broad; street"
"πλεονεξία, -ας, ἡ","covetousness"
"ποικίλος, -η, -ον","varied, manifold"
"πόρνος, -ου, ὁ","a fornicator, immoral person"
"προσκαρτερέω","to continue in or with"
"πύλη, -ης, ἡ","a gate, porch"
"σέβω","to reverence, worship"
"σιγάω","to be silent, become silent"
"σιωπάω","to be silent"
"στρατηγός, -οῦ, ὁ","a commander"
"συζητέω","to discuss, dispute"
"σύνδουλος, -ου, ὁ","a fellow slave"
"σφάζω","to slay"
"ταπεινός, -ή, -όν","humble, downcast"
"τέταρτος, -η, -ον","fourth"
"ὑπαντάω","to meet, go to meet"
"ὑπόδημα, -τος, τό","a sandal, shoe"
"φείδομαι","to spare"
"χρηστότης, -ητος, ἡ","goodness, kindness"
"χρυσός, -οῦ, ὁ","gold"
"χωρέω","to make room for; to hold"
"χωρίον, -ου, τό","a place, field"
"ψεῦδος, -ους, τό","a lie"
"ψεύστης, -ου, ὁ","a liar"
