﻿"ἀρχή, -ῆς, ἡ","a beginning"
"γλῶσσα, -ης, ἡ","a tongue, language"
"γραφή, -ῆς, ἡ","a writing, Scripture"
"δεξιός, -ά, -όν","right"
"δεύτερος, -α, -ον","second"
"                      ","therefore, for this reason"
"ἐλπίς, -ίδος, ἡ","hope"
"ἐπαγγελία, -ας, ἡ","a promise"
"ἔσχατος, -η, -ον","last"
"εὐαγγελίζω","to bring good news, preach good tidings"
"κράζω","to cry out"
"μακάριος, -α, -ον","blessed, happy"
"Μαρία, -ας","Mary"
"ὀλίγος, -η, -ον","little, few"
"ὅπως","how, that, in order that,"
"οὐχί","not"
"παιδίον, -ου, τό","an infant, child"
"παραβολή, -ῆς, ἡ","a parable"
"πείθω","to persuade"
"Πιλᾶτος, -ου, ὁ","Pilate"
"σοφία, -ας, ἡ","wisdom"
"σπείρω","to sow"
"τυφλός, -ή, -όν","blind"
"χρόνος, -ου, ὁ","time"
