﻿"ἀδικία, -ας, ἡ","unrighteousness"
"Ἂἴγυπτος, -ου, ἡ","Egypt"
"ἀναβλέπω","to look up, receive sight"
"γνωρίζω","to make known"
"δέκα","ten"
"δένδρον, -ου, τό","a tree"
"{Ελλην, -ηνος, ὁ","a Greek"
"ἑορτή, -ῆς, ἡ","a feast"
"κελεύω","to order"
"λευκός, -ή, -όν","white"
"μανθάνω","to learn"
"μήποτε","lest perchance"
"μνημονεύω","to remember"
"νεφέλη, -ης, ἡ","a cloud"
"πορνεία, -ας, ἡ","fornication"
"στέφανος, -ου, ὁ","a crown"
"φιλέω","to love"
