﻿"ἀγνοέω","to not know, be unaware"
"ἀντί","instead of, for (gen)"
"γρηγορέω","to watch, keep watch"
"δέομαι","to beseech"
"δοκιμάζω","to prove, approve"
"ἐκλέγω","to pick out, choose"
"ἐκλεκτός, -ή, -όν","chosen, elect"
"Ἠσαΐας, -ου, ὁ","Isaiah"
"θεάομαι","to behold"
"καθεύδω","to sleep"
"κατεργάζομαι","to work out, produce"
"κοιλία, -ας, ἡ","the belly, womb, stomach"
"Μακεδονία, -ας, ἡ","Macedonia"
"μετάνοια, -ας, ἡ","repentance"
"μηκέτι","no longer"
"πληγή, -ῆς, ἡ","a blow, wound, plague"
"πλοῦτος, -ου, ὁ","wealth, riches"
"προσδοκάω","to wait for, look for"
"πωλέω","to sell"
"συνέδριον, -ου, τό","a council, the Sanhedrin"
"τεσσεράκοντα","forty"
