﻿"ἄξιος, -α, -ον","worthy"
"ἅπτω","to touch"
"δικαιόω","to justify, pronounce righteous"
"ἐπιθυμία, -ας, ἡ","eager desire, passion, lust"
"ἐπιτίθημι","to lay upon"
"ἐργάζομαι","to work"
"ἑτοιμάζω","to prepare"
"εὐλογέω","to bless"
"εὐχαριστέω","to give thanks"
"θύρα, -ας, ἡ","a door"
"ἱκανός, -ή, -όν","sufficient, able, considerable"
"κλαίω","to weep"
"λογίζομαι","to account, reckon"
"μισέω","to hate"
"μνημεῖον, -ου, τό","a tomb, monument"
"πάντοτε","always"
"παρίστημι","to be present, stand by"
"πειράζω","to test, tempt, attempt"
"πέντε","five"
"περισσεύω","to abound, be rich"
"πλανάω","to lead astray"
"πράσσω","to do, perform"
"πρόβατον, -ου, τό","a sheep"
"σήμερον","today"
"τέλος, -ους, τό","end"
"τέσσαρες","four"
"τιμή, -ῆς, ἡ","honor, price"
"ὑποτάσσω","to subject, put in subjection"
"χωρίς","without, apart from (gen)"
