﻿"ἀγαλλιάω","to exult, rejoice"
"ἀνομία, -ας, ἡ","lawlessness"
"ἀπάγω","to lead away"
"γεύομαι","to taste"
"γνωστός, -ή, -όν","known"
"γυμνός, -ή, -όν","naked"
"Δαμασκός, -οῦ, ἡ","Damascus"
"δέρω","to beat"
"διαμαρτύρομαι","to testify solemnly"
"εἶτα","then"
"ἐλαία, -ας, ἡ","an olive tree"
"ἐντέλλομαι","to command"
"ἐπαγγέλλομαι","to promise"
"εὐσέβεια, -ας, ἡ","godliness, piety"
"εὐχαριστία, -ας, ἡ","thanksgiving"
"θεμέλιος, -ου, ὁ","a foundation"
"θρίξ, -τριχός, ἡ","a hair"
"Ἰορδάνης, -ου, ὁ","the Jordan"
"καταλαμβάνω","to overtake, apprehend"
"κληρονόμος, -ου, ὁ","an heir"
"κτίζω","to create"
"Λάζαρος, -ου, ὁ","Lazarus"
"λῃστής, -οῦ, ὁ","a robber"
"μοιχεύω","to commit adultery"
"νήπιος, -α, -ον","an infant, child"
"νομίζω","to suppose"
"ξηραίνω","to dry up"
"ὅθεν","whence, wherefore"
"οἰκουμένη, -ης, ἡ","the (inhabited) world"
"ὁμοιόω","to make like, liken, compare"
"ὀψία, -ας, ἡ","evening"
"παρθένος, -ου, ἡ","a virgin"
"παύομαι","to cease"
"πέτρα, -ας, ἡ","a rock"
"ποτίζω","to give drink to"
"προλέγω","to say beforehand"
"πώς","at all, somehow, in any way"
"ῥαββί, ὁ","Rabbi, master (indeclinable)"
"σαλεύω","to shake"
"Σαῦλος, -ου, ὁ","Saul"
"σκάνδαλον, -ου, τό","a cause of stumbling"
"συμφέρω","to bring together; it is profitable"
"σφραγίζω","to seal"
"ταχέως","quickly"
"τράπεζα, -ης, ἡ","a table"
"τύπος, -ου, ὁ","a mark, example"
"ὑπακοή, -ῆς, ἡ","obedience"
"χόρτος, -ου, ὁ","grass, hay"
"ὠφελέω","to profit"
