﻿"ἀγάπη, -ης, ἡ","love"
"αἴρω","to take up, take away"
"ἀλήθεια, -ας, ἡ","truth"
"ἀνίστημι","to cause to arise, arise"
"ἀπέρχομαι","to depart, go away"
"ἀποθνῄσκω","to die"
"βασιλεύς, -έως, ὁ","a king"
"δεῖ","it is necessary"
"δύναμις, -εως, ἡ","power"
"ἐκκλησία, -ας, ἡ","assembly, congregation, church"
"ἐξουσία, -ας, ἡ","authority"
"ζητέω","to seek"
"θάνατος, -ου, ὁ","death"
"ἴδιος, -α, -ον","one's own"
"καλός, -ή, -όν","good"
"κρίνω","to judge, decide"
"μέλλω","to be about to"
"μένω","to remain, abide"
"μόνος, -η, -ον","alone, only"
"ὁδός, -οῦ, ἡ","a way, road, journey"
"οἶκος, -ου, ὁ","a house, home"
"ὅλος, -η, -ον","whole, all"
"ὅσος, -η, -ον","as great as, as many as"
"ὅτε","when"
"παραδίδωμι","to hand over, betray"
"παρακαλέω","to beseech, urge, exhort, comfort"
"πῶς","how?"
"σῴζω","to save"
"τέκνον, -ου, τό","a child"
"ψυχή, -ῆς, ἡ","soul, life, self"
"ὥρα, -ας, ἡ","an hour"
