﻿"ἀπέχω","to have received; to be distant"
"βάπτισμα, -τος, τό","baptism"
"γεωργός, -οῦ, ὁ","a farmer"
"διακρίνω","to discriminate, judge; to doubt (middle)"
"δῶρον, -ου, τό","a gift"
"ἐπαίρω","to lift up"
"ἐπάνω","above; over (gen)"
"ἐπιλαμβάνομαι","to take hold of"
"ἐπουράνιος, -ον","heavenly"
"κοινωνία, -ας, ἡ","fellowship; contribution"
"κριτής, -ου, ὁ","a judge"
"κτίσις, -εως, ἡ","creation, creature"
"μαρτύριον, -ου, τό","a testimony, witness, proof"
"μεριμνάω","to be anxious, distracted"
"μήν, μηνός, ὁ","a month"
"παλαιός, -ά, -όν","old"
"παράπτωμα, -τος, τό","a trespass"
"παρατίθημι","to set before; to entrust (middle)"
"πότε","when?"
"προφητεία, -ας, ἡ","a prophecy"
"τέλειος, -α, -ον","complete, perfect, mature"
"ὑπομένω","to tarry; to endure"
