﻿"ἀλλά","but, yet, except"
"ἄνθρωπος, -ου, ὁ","a man"
"ἀπό","from (gen)"
"αὐτός, -ή, -ό","himself, herself, itself, same; he, she, it"
"γάρ","for"
"γίνομαι","to become, be"
"δέ","but, and"
"διά","through (gen); on account of (acc)"
"ἐγώ","I"
"εἰ","if"
"εἰμί","I am"
"εἰς","into (acc)"
"ἐκ, ἐξ","out of, from (gen)"
"ἐν","in (dat)"
"ἐπί","over, on, at the time of (gen); on the basis of, at (dat); on, to, against (acc)"
"ἔρχομαι","to come, go"
"ἔχω","to have, hold"
"θεός, -οῦ, ὁ","a god, God"
"Ἰησοῦς","Jesus, Joshua"
"ἵνα","in order that, that"
"καί","and, even, also"
"κύριος, -ου, ὁ","a lord, the Lord"
"λέγω","to say, speak"
"μή","not, lest"
"ὁ, ἡ, τό","the "
"ὅς, ἥ, ὅ","who, which"
"ὅτι","that, because, since"
"οὐ","not, no"
"οὗτος, αὕτη, τοῦτο","this; he, she, it"
"πᾶς, πᾶσα, πᾶν","all, every, all things"
"ποιέω","to do, make"
"πρός","to, towards, with (acc)"
"σύ","you"
"τίς, τί","who? which? what? why?"
"τὶς, τὶ","someone, something, a certain one, a certain thing, anyone, anything "
"Χριστός, -οῦ, ὁ","Christ, Messiah, Anointed One"
"ὡς","as, that, like, how, about, now"
