﻿"Ἀβραάμ, ὁ","Abraham"
"αἰώνιος, -ον","eternal"
"ἀνοίγω","to open"
"ἀποκτείνω","to kill"
"ἀπόστολος, -ου, ὁ","an Apostle"
"βαπτίζω","to baptize"
"δίκαιος, -α, -ον","right, just, righteous"
"δώδεκα","twelve"
"ἐμός, -ή, -όν","my, mine"
"εὐαγγέλιον, -ου, -ν","good news, glad tidings, the Gospel"
"ἱερόν, -οῦ, τό","a temple"
"Ἱεροσόλυμα, τό","Jerousalem"
"κεφαλή, -ῆς, ἡ","head"
"μαρτυρέω","to bear witness, testify"
"Μωϋσῆς, -έως, ὁ","Moses"
"πέμπω","to send"
"πίνω","to drink"
"πρόσωπον, -ου, τό","face, presence"
"πῦρ, -ός, τό","fire"
"σημεῖον, -ου, τό","a sign"
"Σίμων, -ωνος, ὁ","Simon"
"ὕδωρ, ὕδατος, τό","water"
"ὑπάγω","to depart"
"φῶς, -φωτός, τό","light"
"χαίρω","to rejoice"
