﻿"ἄγγελος, -ου, ὁ","an angel"
"ἄλλος, -η, -ο","other, another"
"ἁμαρτία, -ας, ἡ","a sin, sin"
"ἄν","untranslatable particle - makes a statement contingent"
"βασιλεία, -ας, ἡ","a kingdom"
"γράφω","to write"
"δόξα, -ης, ἡ","glory"
"ἔθνος, -ους, τό","a nation; Gentiles (plural)"
"εἰσέρχομαι","to go or come in or into, enter"
"ἔργον, -ου, τό","work, deed"
"ἐσθίω","to eat"
"εὑρίσκω","to find"
"ἕως","until; as far as (gen)"
"ἰδού","See! Behold! Look! Lo!"
"Ἰουδαῖος, -α, -ον","Jewish, a Jew, Judea"
"ἵστημι","to cause to stand, stand"
"καθώς","as, just as, even as"
"καρδία, -ας, ἡ","the heart"
"κόσμος, -ου, ὁ","the world"
"μέν","on the one hand, indeed (postpositive particle often untranslated)"
"νόμος, -ου, ὁ","a law, the Law"
"ὄχλος, -ου, ὁ","a crowd, multitude"
"παρά","from (gen); beside, in the presence of (dat); alongside of (acc)"
"Παῦλος, -ου, ὁ","Paul"
"Πέτρος, -ου, ὁ","Peter"
"πόλις, -εως, ἡ","a city"
"πορεύομαι","to go, proceed"
"πρῶτος, -η, -ον","first"
"τότε","then, at that time"
"φημί","to say"
"χάρις, -ιτος, ἡ","grace"
"χείρ, χειρός, ἡ","a hand"
