﻿"ἀνάγκη, -ης, ἡ","necessity, distress"
"ἀνέχομαι","to endure"
"ἀρέσκω","to please"
"ἄφεσις, -εως, ἡ","a sending away, remission"
"βρῶμα, -τος, τό","food"
"ἑκατόν","a hundred"
"ἐλέγχω","to convict, reprove"
"ἐξίστημι","to amaze, be amazed"
"ἐπαύριον","on the morrow"
"ἕτοιμος, -η, -ον","ready, prepared"
"θησαυρός, -οῦ, ὁ","a storehouse, treasure"
"ἵππος, -ου, ὁ","a horse"
"Καισάρεια, -ας, ἡ","Caesarea"
"καταλύω","to destroy; to lodge"
"κατέχω","to hold back, hold fast"
"κερδαίνω","to gain"
"κρυπτός, -ή, -όν","hidden"
"μέχρι","until; as far as (gen)"
"νίπτω","to wash"
"περιτέμνω","to circumcize"
"πλήρωμα, -τος, τό","fullness"
"πλησίον","near; a neighbor (as a noun)"
"ποταμός, -οῦ, ὁ","a river"
"ῥίζα, -ης, ἡ","a root"
"ῥύομαι","to rescue, deliver"
"ταράσσω","to trouble"
"ὑποκριτής, -οῦ, ὁ","a hypocrite"
"χάρισμα, -τος, τό","a gift"
"ὦ","Oh!"
"ὡσαύτως","likewise"
