﻿"ἀμπελών, -ῶνος, ὁ","a vineyard"
"ἀνάγω","to lead up; to put to sea, set sail (middle)"
"ἄπιστος, -ον","unbelieving, faithless"
"αὐξάνω","to cause to grow; increase"
"διότι","because"
"εἰκών, -όνος, ἡ","an image, likeness"
"ἐλεύθερος, -α, -ον","free"
"ζῷον, -ου, τό","a living creature, an animal"
"θυσιαστήριον, -ου, τό","an altar"
"κατηγορέω","to accuse"
"κοπιάω","to toil, labor"
"κωλύω","to forbid, hinder, prevent"
"μιμνῄσκομαι","to remember"
"πεινάω","to hunger"
"πέραν","beyond (gen)"
"περιβάλλω","to put around, clothe"
"σκεῦος, -ους, τό","a vessel; goods (plural)"
"τελειόω","to fulfill, make perfect"
"χαρίζομαι","to give freely, forgive"
"χιλιάς, -άδος, ἡ","a thousand"
