﻿"ἁγιάζω","to sanctify"
"ἀδικέω","to wrong, do wrong, harm"
"ἀληθινός, -ή, -όν","true"
"Βαρναβᾶς, -ᾶ, ὁ","Barnabas"
"γαμέω","to marry"
"γνῶσις, -εως, ἡ","wisdom, knowledge"
"διάκονος, -ου, ὁ","a servant, administrator, deacon"
"ἐλεέω","to have mercy"
"ἐπιτιμάω","to rebuke, warn"
"ἡγέομαι","to be chief; to think, regard, consider"
"ἥκω","to have come"
"Ἠλίας, -ου, ὁ","Elijah"
"θυγάτηρ, -τρός, ἡ","a daughter"
"θυσία, -ας, ἡ","a sacrifice"
"ἴδε","see! behold!"
"ἰσχυρός, -ά, -όν","strong"
"ἰσχύω","to be strong, able"
"Καῖσαρ, -ος, ὁ","Caesar"
"μάχαιρα, -ης, ἡ","a sword"
"μισθός, -οῦ, ὁ","wages, reward"
"μυστήριον, -ου, τό","a mystery"
"νικάω","to conquer"
"παράκλησις, -εως, ἡ","an exhortation, consolation, comfort"
"παρέρχομαι","to pass by, pass away; to arrive"
"πάσχα, τό","passover (indeclinable)"
"περισσός, -ή, -όν","excessive, abundant"
"πλούσιος, -α, -ον","rich"
"πνευματικός, -ή, -όν","spiritual"
"πόθεν","whence?"
"ποτέ","at some time, once, ever, formerly"
"προσκαλέομαι","to summon, call to"
"προφητεύω","to prophesy"
"σκανδαλίζω","to cause to stumble"
"τελέω","to finish, fulfill"
"φεύγω","to flee"
"φίλος, -ου, ὁ","loving; a friend (as a noun)"
"χώρα, -ας, ἡ","a country"
