﻿"ἀγορά, -ᾶς, ἡ","a market-place"
"Ἀγρίππας, -α, ὁ","Agrippa"
"ἅλυσις, -εως, ἡ","a chain"
"Ἁνανίας, -ου, ὁ","Ananias"
"ἀνατολή, -ῆς, ἡ","east, dawn"
"ἀντιλέγω","to speak against, oppose"
"ἀπαρνέομαι","to deny"
"ἀπιστία, -ας, ἡ","unbelief"
"ἀρχαῖος, -α, -ον","old, ancient"
"ἀσεβής, -ές","ungodly, impious"
"ἄφρων, -ον","foolish"
"Βαραββᾶς, -ᾶ, ὁ","Barabbas"
"βρῶσις, -εως, ἡ","eating, food, rust"
"Γαλιλαῖος, -α, -ον","Galilean"
"διαμερίζω","to divide, distribute"
"δόλος, -ου, ὁ","guile"
"δωρεά, -ᾶς, ἡ","a gift"
"ἐάω","to permit, allow"
"εἴδωλον, -ου, τό","an image, idol"
"εἴκοσι","twenty"
"εἰσάγω","to lead in"
"ἔλαιον, -ου, τό","olive oil"
"ἐλευθερία, -ας, ἡ","liberty"
"ἐνδείκνυμι","to show forth, show, demonstrate"
"ἐξουθενέω","to despise"
"ἔπαινος, -ου, ὁ","praise"
"ἐπαισχύνομαι","to be ashamed"
"ἐπιπίπτω","to fall upon"
"ἐπισκέπτομαι","to visit, have a care for"
"Ζαχαρίας, -ου, ὁ","Zacharias"
"ζηλόω","to be zealous"
"ζῳοποιέω","to make alive"
"θανατόω","to put to death"
"θάπτω","to bury"
"Θωμᾶς, -ᾶ, ὁ","Thomas"
"Ἰσκαριώθ","Iscariot"
"καίω","to burn"
"κακία, -ας, ἡ","malice, evil"
"καταβολή, -ῆς, ἡ","a foundation"
"κατασκευάζω","to prepare"
"καύχημα, -τος, τό","a boasting, ground of boasting"
"καύχησις, -εως, ἡ","boasting"
"κέρας, -ατος, τό","horn"
"κλάδος, -ου, ὁ","a branch (of a tree)"
"κλῆρος, -ου, ὁ","a lot, portion"
"κλῆσις, -εως, ἡ","a (divine) call, invitation, summons"
"κλίνω","to cause to bend, bow"
"κράβαττος, -ου, ὁ","a mattress, pallet, bed"
"λίμνη, -ης, ἡ","a lake"
"μετρέω","to measure"
"νεανίσκος, -ου, ὁ","a youth"
"νόσος, -ου, ἡ","a disease"
"ὁμοθυμαδόν","with one accord"
"πηγή, -ῆς, ἡ","a spring, fountain"
"ποιμαίνω","to shepherd, rule"
"πρᾶγμα, -τος, τό","a deed, matter, thing"
"πραΰτης, -ητος, ἡ","gentleness, humility, courtesy"
"πρότερος, -α, -ον","former; before (as adverb)"
"σάλπιγξ, -ιγγος, ἡ","a trumpet"
"Σαμάρεια, -ας, ἡ","Samaria"
"σπλάγχνον, -ου, τό","bowels, heart, tender mercies, compassion "
"σπουδάζω","to hasten, be eager"
"συγγενής, -οῦς","kindred; a relative, kinsman (as a noun)"
"σφόδρα","exceedingly"
"σχίζω","to split, tear"
"τελευτάω","to die"
"τριάκοντα","thirty (indeclinable)"
"Τύρος, -ου, ἡ","Tyre"
"ὑγιής, -ές","whole, healthy, well"
"ὑμέτερος, -α, -ον","your"
"ὑποκάτω","under, below, down at (gen)"
"ὑψηλός, -ή, -όν","high"
"φυτεύω","to plant"
"φωτίζω","to give light, enlighten"
"χίλιοι, -αι, -α","a thousand"
"χιτών, -ῶνος, ὁ","a tunic"
"χράομαι","to use"
"ψευδοπροφήτης, -ου, ὁ","a false prophet"
