﻿"ἁμαρτάνω","to sin"
"ἀνάστασις, -εως, ἡ","resurrection"
"ἀπαγγέλλω","to announce, report"
"γενεά, -ᾶς, ἡ","a generation"
"δέω","to bind"
"διέρχομαι","to pass through"
"διώκω","to pursue, persecute"
"ἐγγίζω","to come near"
"ἐπιγινώσκω","to come to know, recognize"
"Ἡρῴδης, -ου, ὁ","Herod"
"θαυμάζω","to marvel, wonder at"
"θεραπεύω","to heal"
"θλῖψις, -εως, ἡ","tribulation"
"Ἰάκωβος, -ου, ὁ","James"
"Ἰουδαία, -ας, ἡ","Judea"
"Ἰούδας, -α, ὁ","Judas, Judah"
"καινός, -ή, -όν","new"
"κατοικέω","to inhabit, dwell"
"λύω","to loose"
"μέρος, -ους, τό","a part"
"ναός, -οῦ, ὁ","a temple"
"οἰκοδομέω","to build, edify"
"ὅμοιος, -α, -ον","like"
"πάσχω","to suffer"
"σεαυτοῦ, -ῆς","of you"
"σπέρμα, -τος, τό","a seed"
"φωνέω","to call"
