﻿"ἅγιος, -α, -ον","holy; saints (plural noun)"
"ἀδελφός, -οῦ, ὁ","brother"
"ἀκούω","to hear"
"ἀνήρ, ἀνδρός, ὁ","a man, husband"
"ἀποκρίνομαι","to answer"
"γῆ, γῆς, ἡ","the earth, land"
"γινώσκω","to come to know, learn, know, realize"
"γυνή, -αικός, ἡ","a woman, wife"
"δίδωμι","to give"
"δύναμαι","to be powerful, able"
"ἐάν","if"
"ἑαυτοῦ, -ῆς, -οῦ","of himself"
"εἷς, μία, ἕν","one"
"ἐκεῖνος, -η, -ο","that"
"ἐξέρχομαι","to go out, come out"
"ἤ","or"
"ἡμέρα, -ας, ἡ","a day"
"θέλω","to will, wish, desire"
"κατά","down from, against (gen); according to, during, throughout (acc)"
"λαλέω","to speak"
"λαμβάνω","to take, receive"
"λόγος, -ου, ὁ","a word, the Word"
"μαθητής, -οῦ, ὁ","a disciple"
"μέγας, μεγάλη, μέγα","large, great"
"μετά","with (gen); after (acc)"
"οἶδα","to know"
"ὄνομα, -τος, τό","a name"
"ὁράω","to see"
"οὐδείς, οὐδεμία, οὐδέν","no one, none, nothing, no"
"οὖν","then, accordingly"
"οὐρανός, -οῦ, ὁ","heaven"
"οὕτω, οὕτως","thus"
"πατήρ, πατρός, ὁ","father"
"περί","concerning, about (gen); around (acc)"
"πιστεύω","to have faith (in), believe"
"πίστις, -εως, ἡ","faith, belief, trust"
"πνεῦμα, -τος, τό","a spirit, the Spirit"
"πολύς, πολλή, πολύ","much, many (plural)"
"τέ","and (enclitic weak connective particle)"
"υἱός, -οῦ, ὁ","a son"
"ὑπό","by (gen); under (acc)"
