﻿"ἀσπάζομαι","to greet, salute"
"Δαυίδ, ὁ","David"
"δέχομαι","to receive"
"διδάσκαλος, -ου, ὁ","a teacher"
"ἐπερωτάω","to ask, question, demand of"
"εὐθύς, -εῖα, -ύ","straightway, immediately"
"ἱμάτιον, -ου, τό","a garment"
"λίθος, -ου, ὁ","a stone"
"μηδέ","but not, nor, not even"
"προσκυνέω","to worship"
"συνάγω","to gather together"
"συναγωγή, -ῆς, ἡ","a synagogue"
"τοιοῦτος, -αύτη, -οῦτον","such"
"ὑπάρχω","to be, exist"
"χαρά, -ᾶς, ἡ","joy, delight"
