﻿"αἰτία, -ας, ἡ","a cause, reason, accusation"
"ἀκροβυστία, -ας, ἡ","uncircumcision"
"ἀργύριον, -ου, τό","silver"
"γένος, -ους, τό","race, kind"
"γονεύς, -έως, ὁ","a parent"
"ἑκατοντάρχης, -ου","a centurion"
"ἐλάσσων, -ον","lesser"
"ἐπίγνωσις, -εως, ἡ","knowledge"
"ἡγεμών, -όνος, ὁ","a leader, a (Roman) governor"
"Ἰσαάκ, ὁ","Isaac"
"ἰχθύς, -ύος, ὁ","a fish"
"κατακρίνω","to condemn"
"νηστεύω","to fast"
"νυνί","now"
"ξύλον, -ου, τό","wood, tree"
"προάγω","to lead forth, go before"
"σκηνή, -ῆς, ἡ","a tent, tabernacle"
"σοφός, -ή, -όν","wise"
"τοσοῦτος, -αύτη, -οῦτον","so great, so much; so many (plural)"
"τρέχω","to run"
"ὑπηρέτης, -ου, ὁ","a servant, assistant"
"ὑψόω","to lift up, exalt"
