﻿"ἀγρός, -οῦ, ὁ","a field"
"ἅπας, -ασα, -αν","all"
"ἄρτι","now, just now"
"ἄρχων, -οντος, ὁ","a ruler"
"βιβλίον, -ου, τό","a book"
"βλασφημέω","to revile, blaspheme"
"βούλομαι","to wish, determine"
"διάβολος, -ου, ὁ","slanderer, accuser, the Devil"
"διακονέω","to wait upon, serve"
"διακονία, -ας, ἡ","waiting at table, service, ministry"
"ἐμαυτοῦ, -ῆς","of myself"
"ἔξειμι","to depart, leave"
"ἐπιστρέφω","to turn to, return"
"εὐθέως","immediately"
"Ἰωσήφ, ὁ","Joseph"
"καλῶς","well"
"καυχάομαι","to boast"
"μαρτυρία, -ας, ἡ","a testimony, evidence"
"μάρτυς, -υρος, ὁ","a witness"
"μέλος, -ους, τό","a member"
"μετανοέω","to repent"
"μήτε","neither, nor"
"οἶνος, -ου, ὁ","wine"
"ὀπίσω","behind, after (gen)"
"ὀργή, -ῆς, ἡ","wrath, anger"
"οὖς, ὠτός, τό","an ear"
"ὀφείλω","to owe, ought"
"παραγίνομαι","to come, arrive"
"περιτομή, -ῆς, ἡ","circumcision"
"προσευχή, -ῆς, ἡ","prayer"
"πτωχός, -ή, -όν","poor; poor man (as a noun)"
"Σατανᾶς, -ᾶ, ὁ","Satan"
"ὑποστρέφω","to return"
"Φίλιππος, -ου, ὁ","Philip"
"ὥσπερ","just as, even as"
