﻿"ἀκολουθέω","to follow"
"ἀναβαίνω","to go up"
"ἀπόλλυμι","to destroy; to perish (middle)"
"ἄρχω","to rule "
"ἕκαστος, -η, -ον","each"
"ἐκβάλλω","to cast out"
"ἑπτά","seven"
"καιρός, -οῦ, ὁ","time, an appointed time"
"καταβαίνω","to go down"
"μᾶλλον","more, rather"
"μήτηρ, -τρος, ἡ","a mother"
"ὅπου","where, whither"
"οὔτε","neither, nor"
"πίπτω","to fall"
"πληρόω","to fill, fulfill"
"πονηρός, -ά, -όν","evil"
"προσέρχομαι","to come to"
"προσεύχομαι","to pray"
"στόμα, -τος, τό","a mouth"
"ὥστε","so that"
"ἀκολουθέω","to follow"
"ἀναβαίνω","to go up"
