﻿"ἀγοράζω","to buy"
"ἄνεμος, -ου, ὁ","a wind"
"ἀρνίον, -ου, τό","a lamb"
"διδαχή, -ῆς, ἡ","teaching"
"ἐλπίζω","to hope"
"ἐπικαλέω","to call, name; to invoke, appeal to (middle)"
"ἱερεύς, -έως, ὁ","a priest"
"καθαρίζω","to cleanse"
"λιμός, -οῦ, ὁ","hunger, famine"
"ὁμοίως","likewise"
"παρρησία, -ας, ἡ","boldness, confidence"
"πλῆθος, -ους, τό","a multitude"
"πλήν","however, but, only, nevertheless; except (gen)"
"ποτήριον, -ου, τό","a cup"
"σκότος, -ους, τό","darkness"
"συνείδησις, -εως, ἡ","conscience"
"συνέρχομαι","to come together"
"φυλάσσω","to guard, keep"
"φυλή, -ῆς, ἡ","a tribe"
