﻿"ἀληθῶς","truly"
"Ἀντιόχεια, -ας, ἡ","Antioch"
"ἀποκάλυψις, -εως, ἡ","a revelation"
"ἀπώλεια, -ας, ἡ","destruction"
"ἀριθμός, -οῦ, ὁ","a number"
"Ἀσία, -ας, ἡ","Asia"
"βλασφημία, -ας, ἡ","reproach, blasphemy"
"δέησις, -εως, ἡ","an entreaty, prayer"
"δεσμός, -οῦ, ὁ","a fetter, bond, chain"
"εἰσπορεύομαι","to enter"
"ἐπιβάλλω","to lay upon"
"ἐπιτρέπω","to permit"
"θυμός, -ου, ὁ","wrath"
"καταγγέλλω","to proclaim"
"κενός, -ή, -όν","empty, vain"
"κληρονομέω","to inherit"
"κοιμάομαι","to sleep, fall asleep"
"κόπος, -ου, ὁ","labor, trouble"
"κρύπτω","to conceal"
"μήτι","interrogative particle in questions expecting a negative answer"
"οἰκοδομή, -ῆς, ἡ","a building; edification"
"παραχρῆμα","immediately"
"παρέχω","to offer, afford"
"ποιμήν, -ένος, ὁ","a shepherd"
"πόλεμος, -ου, ὁ","a war"
"πολλάκις","often"
"προστίθημι","to add, add to"
"πυλών, -ῶνος, ὁ","a vestibule, gateway"
"τίκτω","to give birth to"
"φανερός, -ά, -όν","manifest"
"χρυσοῦς, -ῆ, -οῦν","golden"
