﻿"ἀκάθαρτος, -ον","unclean"
"ἀναγινώσκω","to read"
"ἀρνέομαι","to deny"
"ἀσθενέω","to be weak, sick"
"δείκνυμι","to show"
"διαθήκη, -ης, ἡ","a covenant"
"δυνατός, -ή, -όν","powerful, possible"
"ἐγγύς","near"
"ἐκπορεύομαι","to go out"
"ἐχθρός, -ή, -όν","hating; enemy (as a noun)"
"ἥλιος, -ου, ὁ","the sun"
"ναί","truly, yes"
"παραγγέλλω","to command, charge"
"ποῖος, -α, -ον","what sort of? what?"
"ὑπομονή, -ῆς, ἡ","steadfast endurance, perseverance"
"φαίνω","to shine, appear"
