﻿"ἀνά","upwards, up (acc); each (with numerals)"
"ἀναλαμβάνω","to take up"
"ἀναστροφή, -ῆς, ἡ","conduct"
"Ἀνδρέας, -ου, ὁ","Andrew"
"ἄνωθεν","from above, again"
"γέμω","to fill"
"δαιμονίζομαι","to be demon possessed"
"διαλέγομαι","to dispute, reason"
"διαφέρω","to differ"
"δράκων, -οντος, ὁ","a dragon"
"ἐκπλήσσομαι","to be astonished, amazed"
"ἐλεημοσύνη, -ης, ἡ","alms"
"ἐμπαίζω","to mock"
"ἕξ","six"
"ἐξαποστέλλω","to send forth"
"ἔξωθεν","from without, outside (gen)"
"ἐπιζητέω","to seek for"
"ζύμη, -ης, ἡ","leaven"
"θερισμός, -οῦ, ὁ","harvest"
"καθάπερ","even as, just as, as"
"καπνός, -οῦ, ὁ","smoke"
"καταισχύνω","to put to shame"
"καταντάω","to come to, arrive"
"καταρτίζω","to mend, fit, perfect, prepare"
"κλέπτω","to steal"
"Μάρθα, -ας, ἡ","Martha"
"Ναζωραῖος, -ου, ὁ","inhabitant of Nazareth, Nazarene"
"παιδεύω","to teach, chastise, discipline"
"παιδίσκη, -ης, ἡ","a maid servant"
"παράδοσις, -εως, ἡ","a tradition"
"πρίν","before"
"στηρίζω","to establish"
"συνεργός, -οῦ, ὁ","a fellow worker"
"ταχύς, -εῖα","quickly; quick"
"τίμιος, -α, -ον","precious, honorable"
"Τίτος, -ου, ὁ","Titus"
"τρόπος, -ου, ὁ","manner, way"
"τύπτω","to smite"
"ὕψιστος, -η, -ον","highest"
"Φῆστος, -ου, ὁ","Festus"
"χωρίζω","to separate, depart, leave"
