﻿"ἁμαρτωλός, -όν","sinful; sinner (as a noun)"
"ἀποδίδωμι","to give back, pay; to sell (middle)"
"ἄρα","then, therefore"
"ἄχρι","as far as, up to (gen); until (as conjunction)"
"ἔμπροσθεν","in front of, before (gen)"
"ἔρημος, -ου, ἡ","a desert, wilderness "
"ἔτος, -ους, τό","a year"
"θηρίον, -ου, τό","a wild beast"
"καθίζω","to seat, sit"
"κρατέω","to grasp"
"κρίσις, -εως, ἡ","judgment"
"μικρός, -ά, -όν","small, little"
"οὐαί","woe! alas!"
"οὐκέτι","no longer"
"παραλαμβάνω","to receive, take"
"ποῦ","where? whither?"
"πρό","before (gen)"
"προσφέρω","to bring to, offer"
"σταυρόω","to crucify"
"σωτηρία, -ας, ἡ","salvation"
"φανερόω","to manifest, make manifest, reveal"
"φόβος, -ου, ὁ","fear, terror"
"φυλακή, -ῆς, ἡ","a guard, a prison, a watch"
"χρεία, -ας, ἡ","a need"
