﻿"ἄκανθα, -ης, ἡ","a thorn"
"ἀλλότριος, -α, -ον","another's, strange, foreign"
"ἀμφότεροι, -αι, -α","both"
"ἀναγγέλλω","to announce, report"
"ἀνάκειμαι","to recline (at meals)"
"ἀναχωρέω","to depart, withdraw"
"ἀνθίστημι","to resist, oppose"
"ἅπαξ","once, once for all"
"ἀπειθέω","to disbelieve, disobey"
"ἁρπάζω","to seize"
"ἀτενίζω","to gaze, stare"
"αὔριον","tomorrow"
"ἀφίστημι","to withdraw, depart, fall away"
"γράμμα, -τος, τό","a letter; writings (plural)"
"διαλογισμός, -οῦ, ὁ","a reasoning, questioning, thought"
"ἕκτος, -η, -ον","sixth"
"ἐνιαυτός, -οῦ, ὁ","a year"
"ἐπίσταμαι","to understand, know"
"εὐφραίνω","to rejoice"
"θύω","to sacrifice, kill"
"κατανοέω","to observe"
"κατεσθίω","to eat up, devour"
"κλάω","to break"
"κληρονομία, -ας, ἡ","an inheritance"
"κοινός, -ή, -όν","common, unclean, unholy"
"κοινόω","to make common, to defile"
"κωφός, -ή, -όν","deaf, dumb"
"λύχνος, -ου, ὁ","a lamp"
"μακρόθεν","from afar, afar"
"μακροθυμία, -ας, ἡ","long-suffering, patience, forbearance"
"μερίζω","to divide"
"μέτρον, -ου, τό","a measure"
"μύρον, -ου, τό","ointment, perfume"
"Ναζαρά, Ναζαρέθ","Nazareth"
"νοέω","to understand"
"ξένος, -η, -ον","strange; a stranger, host (as a noun)"
"οἷος, -α, -ον","such as"
"ὄφις, -εως, ὁ","a serpent"
"πετεινόν, -ου, τό","a bird"
"προσδέχομαι","to receive, wait for"
"Σαδδουκαῖος, -ου, ὁ","a Sadducee"
"σεισμός, -οῦ, ὁ","an earthquake"
"σῖτος, -ου, ὁ","wheat"
"τάλαντον, -ου, τό","a talent"
"ταπεινόω","to humble"
"φρόνιμος, -ον","prudent, wise"
"φύσις, -εως, ἡ","nature"
"χωλός, -ή, -όν","lame"
