﻿"ἀγαθός, -ή, -όν","good"
"ἀγαπάω","to love "
"αἰών, -ῶνος, ὁ","an age"
"ἀμήν","verily, truly, amen"
"ἀποστέλλω","to send"
"ἀρχιερεύς, -έως, ὁ","chief priest, high priest"
"ἀφίημι","to let go, permit, forgive"
"βάλλω","to throw, put, cast"
"βλέπω","to see"
"δοῦλος, -η, -ον","a slave"
"δύο","two"
"ἐγείρω","to raise up"
"ζάω","to live"
"ζωή, -ῆς, ἡ","life"
"Ἰωάννης, -ου, ὁ","John"
"καλέω","to call, name invite"
"λαός, -οῦ, ὁ","a people"
"νεκρός, -ά, -όν","dead"
"νῦν","now"
"ὅστις, ἥτις, ὅτι","whoever, whichever, whatever"
"ὅταν","whenever"
"οὐδέ","and not, not even, neither, nor"
"πάλιν","again"
"προφήτης, -ου, ὁ","a prophet"
"σάρξ, σαρκός, ἡ","flesh"
"σύν","with (dat)"
"σῶμα, -τος, τό","a body"
"ὑπέρ","in behalf of (gen); above (acc)"
"φωνή, -ῆς, ἡ","a sound, voice"
