﻿"ἀθετέω","to reject"
"ἀνακρίνω","to examine"
"γάμος, -ου, ὁ","a marriage, wedding, wedding feast"
"δεῖπνον, -ου, τό","a supper"
"δέσμιος, -ου, ὁ","a prisoner"
"δηνάριον, -ου, ὁ","a denarius"
"διαλογίζομαι","to debate, reason"
"διατάσσω","to command"
"διψάω","to thirst"
"ἐκτείνω","to stretch forth, stretch out"
"ἐμβαίνω","to embark"
"ἔπειτα","then"
"ἐπιθυμέω","to desire"
"ἐπιμένω","to continue"
"ἐργάτης, -ου, ὁ","a workman, laborer"
"εὐλογία, -ας, ἡ","a blessing"
"Ἔφεσος, -ου, ἡ","Ephesus"
"κακῶς","badly"
"κατέρχομαι","to come down, go down"
"Καφαρναούμ, ἡ","Capernaum"
"κλείω","to shut"
"κλέπτης, -ου, ὁ","a thief"
"λύπη, -ης, ἡ","pain, grief, sorrow"
"νυμφίος, -ου, ὁ","a bridegroom"
"οὐδέποτε","never"
"πάθημα, -τος, τό","suffering"
"πλήρης, -ες","full"
"σκοτία, -ας, ἡ","darkness"
"συκῆ, -ῆς, ἡ","a fig tree"
"συλλαμβάνω","to take, conceive"
"συνίστημι","to commend (transitive); to stand with, consist (intransitive)"
"σφραγίς, -ῖδος, ἡ","a seal"
"τέρας, -ατος, τό","a wonder"
"τολμάω","to dare"
"τροφή, -ῆς, ἡ","food"
"ὑστερέω","to lack, need"
"χορτάζω","to eat to the full, be satisfied, be filled"
