﻿"βασιλεύω","to reign"
"διδασκαλία, -ας, ἡ","teaching, doctrine"
"ἐνεργέω","to work, effect"
"εὐδοκέω","to think it good, be well pleased with"
"ἐφίστημι","to stand over, come upon"
"θερίζω","to reap"
"καθίστημι","to set, constitute, put in charge"
"λατρεύω","to serve, worship"
"πειρασμός, -οῦ, ὁ","temptation"
"στρέφω","to turn"
"τελώνης, -ου, ὁ","a taxgatherer"
"τιμάω","to honor"
"ὑπακούω","to obey"
"χιλίαρχος, -ου, ὁ","a military tribune, captain, commander"
"ὡσεί","like, about"
