﻿"ἄδικος, -ον","unjust, unrighteous"
"ἀλέκτωρ, -ορος, ὁ","a cock"
"ἀναπαύω","to refresh; to take rest (middle)"
"ἀναπίπτω","to recline"
"ἀσκός, -οῦ, ὁ","a (leather) bottle, wineskin"
"αὐλή, -ῆς, ἡ","a courtyard, court"
"Βαβυλών, -ῶνος, ἡ","Babylon"
"βαπτιστής, -οῦ, ὁ","baptist"
"βασανίζω","to torment"
"Βηθανία, -ας, ἡ","Bethany"
"βῆμα, -τος, τό","judgment seat"
"βοάω","to cry aloud"
"βουλή, -ῆς, ἡ","counsel, purpose"
"βροντή, -ους, ἡ","thunder"
"γέεννα, -ης, ἡ","gehenna"
"γόνυ, -γόνατος, τό","a knee"
"δεῦτε","come!"
"διάνοια, -ας, ἡ","the mind, understanding, a thought"
"δίκτυον, -ου, τό","a net"
"ἔθος, -ους, τό","a custom"
"ἐμβλέπω","to look at"
"ἐξάγω","to lead out"
"ἔσωθεν","from within, within, inside"
"Ζεβεδαῖος, -ου, ὁ","Zebedee"
"κάλαμος, -ου, ὁ","a reed"
"κατακαίω","to burn up"
"κατάκειμαι","to lie down, lie sick, recline (at meals)"
"κολλάομαι","to join, cleave to"
"κράτος, -ους, τό","power, dominion "
"λίαν","greatly"
"λυχνία, -ας, ἡ","a lampstand"
"Μαγδαληνή, -ῆς, ἡ","woman of Magdala"
"μάλιστα","especially"
"μεταβαίνω","to depart"
"μωρός, -ά, -όν","foolish"
"ὀδούς, -ὀδόντος, ὁ","a tooth"
"οἰκοδεσπότης, -ου, ὁ","a householder"
"ὅραμα, -τος, τό","a vision"
"ὅριον, -ου, τό","a boundary, region"
"παραιτέομαι","to make excuse, refuse"
"περισσοτέρως","more abundantly"
"πιάζω","to take"
"πληθύνω","to multiply"
"πλουτέω","to be rich"
"πόρνη, -ης, ἡ","a prostitute"
"πρόθεσις, -εως, ἡ","a setting forth; a purpose"
"προσλαμβάνομαι","to receive, accept, take aside"
"πρωΐ","in the morning, early"
"πυνθάνομαι","to inquire"
"πῶλος, -ου, ὁ","a colt"
"ῥάβδος, -ου, ἡ","a staff, rod"
"Ῥωμαῖος, -ου, ὁ","Roman"
"σαλπίζω","to sound a trumpet"
"Σιλᾶς, -α, ὁ","Silas"
"Σολομών, -ῶνος","Solomon"
"σπλαγχνίζομαι","to have compassion"
"σπουδή, -ῆς, ἡ","haste, diligence, earnestness"
"συνέχω","to hold fast, oppress"
"τρίς","thrice"
"τυγχάνω","to obtain, happen"
"ὑγιαίνω","to be in good health"
"ὕστερος, -α, -ον","later, afterwards"
"φιάλη, -ης, ἡ","a cup, bowl"
"φονεύω","to kill, murder"
"χοῖρος, -ου, ὁ","a pig"
"χρυσίον, -ου, τό","gold"
"ψεύδομαι","to lie"
