﻿"ἀγαπητός, -ή, -όν","beloved"
"ἄγω","to lead"
"αἰτέω","to ask"
"ἀπολύω","to release"
"Γαλιλαία, -ας, ἡ","Galilee"
"γραμματεύς, -έως, ὁ","a scribe"
"δαιμόνιον, -ου, τό","a demon"
"δοκέω","to think; seem"
"δοξάζω","to glorify"
"εἴτε","if, whether"
"ἐντολή, -ῆς, ἡ","a commandment"
"ἔξω","without; outside (gen)"
"ἐρωτάω","to ask, request, entreat"
"ἤδη","now, already"
"θέλημα, -τος, τό","will"
"θεωρέω","to look at, behold"
"θρόνος, -ου, ὁ","a throne"
"Ἱεροσόλυμα, τό","Jerusalem"
"Ἰσραήλ, ὁ","Israel"
"κακός, -ή, -όν","bad, evil"
"καρπός, -οῦ, ὁ","fruit"
"κηρύσσω","to proclaim, preach"
"λοιπός, -ή, -όν","remaining, the rest (as a noun); for the rest, henceforth (as an adverb)"
"μέσος, -η, -ον","middle, in the midst"
"νύξ, -νυκτός, ἡ","night"
"ὄρος, -ους, τό","a mountain"
"πιστός, -ή, -όν","faithful, believing"
"πλοῖον, -ου, τό","a boat"
"πρεσβύτερος, -α, -ον","elder"
"ῥῆμα, -τος, τό","a word"
"σάββατον, -ου, τό","the Sabbath"
"τηρέω","to keep"
"τρεῖς, -τρία","three"
"τρίτος, -η, -ον","third"
"φέρω","to carry, bear, bring, lead"
"ὧδε","here, hither"
