﻿"ἀκοή, -ῆς, ἡ","hearing; a report, news"
"ἀναιρέω","to take up; to kill, put to death"
"ἀσθένεια, -ας, ἡ","weakness"
"ἀστήρ, -έρος, ὁ","a star"
"ἐπιστολή, -ῆς, ἡ","a letter"
"ζῆλος, -ου, ὁ","zeal, jealousy"
"καταλείπω","to leave"
"κεῖμαι","to lie, be laid"
"νέος, -α, -ον","new, young"
"νοῦς, -νοός, -νοΐ, -νοῦν, ὁ","the mind"
"παῖς, -παιδός, ὁ, ἡ","a boy, girl, child, servant"
"πάρειμι","to be present; to have arrived"
"παρουσία, -ας, ἡ","presence, coming"
"πίμπλημι","to fill"
"προσέχω","to attend to, give heed to"
"σός, -σή, -σόν","your"
"σωτήρ, -ῆρος, ὁ","Savior"
"Τιμόθεος, -ου, ὁ","Timothy"
