﻿"ἀγαθός, -ή, -όν","good"
"ἀγαπητός, -ή, -όν","beloved"
"αἰώνιος, -ον","eternal"
"ἀλλήλων, -ους, -ους","of one another"
"δοῦλος, -η, -ον","a slave"
"ἐάν","if"
"ἐμός, -ή, -όν","my, mine"
"ἐντολή, -ῆς, ἡ","a commandment"
"καθώς","as, just as, even as"
"κακός, -ή, -όν","bad, evil"
"νεκρός, -ά, -όν","dead"
"πιστός, -ή, -όν","faithful, believing"
"πονηρός, -ά, -όν","evil"
"πρῶτος, -η, -ον","first"
"τρίτος, -η, -ον","third"
