﻿"ἁμαρτία, -ας, ἡ","a sin, sin"
"ἀρχή, -ῆς, ἡ","a beginning"
"γάρ","for"
"εἷς, μία, ἕν","one"
"ἐξουσία, -ας, ἡ","authority"
"εὐαγγέλιον, -ου, -ν","good news, glad tidings, the Gospel"
"Ἰησοῦς","Jesus, Joshua"
"κύριος, -ου, ὁ","a lord, the Lord"
"μή","not, lest"
"οὐρανός, -οῦ, ὁ","heaven"
"οὗτος, αὕτη, τοῦτο","this; he, she, it"
"σύ","you"
"υἱός, -οῦ, ὁ","a son"
"ὥστε","so that"
