﻿"ἀλλά","but, yet, except"
"ἀπό","from (gen)"
"διά","through (gen); on account of (acc)"
"εἰμί","I am"
"ἐκ, ἐξ","out of, from (gen)"
"ἡμέρα, -ας, ἡ","a day"
"θάλασσα, -ης, ἡ","the sea"
"θάνατος, -ου, ὁ","death"
"ἵνα","in order that, that"
"Ἰωάννης, -ου, ὁ","John"
"λέγω","to say, speak"
"μετά","with (gen); after (acc)"
"οἰκία, -ας, ἡ","a house"
"οἶκος, -ου, ὁ","a house, home"
"ὄχλος, -ου, ὁ","a crowd, multitude"
"παρά","from (gen); beside, in the presence of (dat); alongside of (acc)"
"παραβολή, -ῆς, ἡ","a parable"
"πρός","to, towards, with (acc)"
"ὑπό","by (gen); under (acc)"
