﻿"Ἀβραάμ, ὁ","Abraham"
"ἄγγελος, -ου, ὁ","an angel"
"ἀμήν","verily, truly, amen"
"ἄνθρωπος, -ου, ὁ","a man"
"ἀπόστολος, -ου, ὁ","an Apostle"
"Γαλιλαία, -ας, ἡ","Galilee"
"γραφή, -ῆς, ἡ","a writing, Scripture"
"Δαυίδ, ὁ","David"
"δόξα, -ης, ἡ","glory"
"ἐγώ","I"
"ἔσχατος, -η, -ον","last"
"ζωή, -ῆς, ἡ","life"
"θεός, -οῦ, ὁ","a god, God"
"καί","and, even, also"
"καρδία, -ας, ἡ","the heart"
"κόσμος, -ου, ὁ","the world"
"λόγος, -ου, ὁ","a word, the Word"
"Παῦλος, -ου, ὁ","Paul"
"Πέτρος, -ου, ὁ","Peter"
"Πιλᾶτος, -ου, ὁ","Pilate"
"πνεῦμα, -τος, τό","a spirit, the Spirit"
"προφήτης, -ου, ὁ","a prophet"
"σάββατον, -ου, τό","the Sabbath"
"Σίμων, -ωνος, ὁ","Simon"
"φωνή, -ῆς, ἡ","a sound, voice"
"Χριστός, -οῦ, ὁ","Christ, Messiah, Anointed One"
