﻿"αἰών, -ῶνος, ὁ","an age"
"διδάσκαλος, -ου, ὁ","a teacher"
"εὐθύς, -εῖα, -ύ","straightway, immediately"
"ἕως","until; as far as (gen)"
"μαθητής, -οῦ, ὁ","a disciple"
"μέν","on the one hand, indeed (postpositive particle often untranslated)"
"μηδείς, μηδεμία, μηδέν","no one"
"μόνος, -η, -ον","alone, only"
"ὅπως","how, that, in order that,"
"ὅσος, -η, -ον","as great as, as many as"
"οὖν","then, accordingly"
"ὀφθαλμός, -οῦ, ὁ","an eye"
"πάλιν","again"
"πούς, ποδός, ὁ","a foot"
"ὑπέρ","in behalf of (gen); above (acc)"
