﻿"ἅγιος, -α, -ον","holy; saints (plural noun)"
"εἰ","if"
"εἰς","into (acc)"
"ἤδη","now, already"
"ὄνομα, -τος, τό","a name"
"οὐδείς, οὐδεμία, οὐδέν","no one, none, nothing, no"
"πᾶς, πᾶσα, πᾶν","all, every, all things"
"περί","concerning, about (gen); around (acc)"
"σάρξ, σαρκός, ἡ","flesh"
"σύν","with (dat)"
"σῶμα, -τος, τό","a body"
"τέκνον, -ου, τό","a child"
"τίς, τί","who? which? what? why?"
"τὶς, τὶ","someone, something, a certain one, a certain thing, anyone, anything "
