﻿"ἀδελφός, -οῦ, ὁ","brother"
"ἄν","untranslatable particle - makes a statement contingent"
"ἀνήρ, ἀνδρός, ὁ","a man, husband"
"ἐκκλησία, -ας, ἡ","assembly, congregation, church"
"ἐλπίς, -ίδος, ἡ","hope"
"ἔξω","without; outside (gen)"
"ἐπί","over, on, at the time of (gen); on the basis of, at (dat); on, to, against (acc)"
"θέλημα, -τος, τό","will"
"ἴδε","see! behold!"
"ἰδού","See! Behold! Look! Lo!"
"καλός, -ή, -όν","good"
"μήτηρ, -τρος, ἡ","a mother"
"οὐδέ","and not, not even, neither, nor"
"πατήρ, πατρός, ὁ","father"
"πίστις, -εως, ἡ","faith, belief, trust"
"ὕδωρ, ὕδατος, τό","water"
"φῶς, -φωτός, τό","light"
"χάρις, -ιτος, ἡ","grace"
"ὧδε","here, hither"
