﻿"ἀλήθεια, -ας, ἡ","truth"
"εἰρήνη, -ης, ἡ","peace"
"ἐνώπιον","before (gen)"
"ἐπαγγελία, -ας, ἡ","a promise"
"ἑπτά","seven"
"θρόνος, -ου, ὁ","a throne"
"Ἱεροσόλυμα, τό","Jerusalem"
"κατά","down from, against (gen); according to, during, throughout (acc)"
"κεφαλή, -ῆς, ἡ","head"
"ὁδός, -οῦ, ἡ","a way, road, journey"
"ὅς, ἥ, ὅ","who, which"
"ὅτε","when"
"οὕτω, οὕτως","thus"
"πλοῖον, -ου, τό","a boat"
"ῥῆμα, -τος, τό","a word"
"τέ","and (enclitic weak connective particle)"
"χείρ, χειρός, ἡ","a hand"
"ψυχή, -ῆς, ἡ","soul, life, self"
