﻿"ἀναβαίνω","to go up"
"ἀρχιερεύς, -έως, ὁ","chief priest, high priest"
"δεξιός, -ά, -όν","right"
"δύο","two"
"ἕτερος, -α, -ον","other, another, different"
"εὐαγγελίζω","to bring good news, preach good tidings"
"θεωρέω","to look at, behold"
"Ἱεροσόλυμα, τό","Jerousalem"
"κάθημαι","to sit"
"καταβαίνω","to go down"
"παρακαλέω","to beseech, urge, exhort, comfort"
"πείθω","to persuade"
"τρεῖς, -τρία","three"
