﻿"αἴρω","to take up, take away"
"ἀποκτείνω","to kill"
"ἀποστέλλω","to send"
"βαπτίζω","to baptize"
"γινώσκω","to come to know, learn, know, realize"
"γλῶσσα, -ης, ἡ","a tongue, language"
"ἐγείρω","to raise up"
"ἐκβάλλω","to cast out"
"ἐκεῖ","there"
"κρίνω","to judge, decide"
"λαός, -οῦ, ὁ","a people"
"μένω","to remain, abide"
"ὁράω","to see"
"σοφία, -ας, ἡ","wisdom"
"στόμα, -τος, τό","a mouth"
"σῴζω","to save"
