﻿"ἀποθνῄσκω","to die"
"ἄρτος, -ου, ὁ","bread, a loaf"
"βάλλω","to throw, put, cast"
"γῆ, γῆς, ἡ","the earth, land"
"γίνομαι","to become, be"
"εἰσέρχομαι","to go or come in or into, enter"
"ἐξέρχομαι","to go out, come out"
"ἔτι","still, yet, even"
"εὑρίσκω","to find"
"λαμβάνω","to take, receive"
"οὔτε","neither, nor"
"προσέρχομαι","to come to"
"προσεύχομαι","to pray"
"πῦρ, -ός, τό","fire"
